{
  "items": [
    {
      "task_id": "862eccd1-cb0b-4a30-9deb-d46b3261e9d8",
      "title": "Define thermal isolation structure",
      "linked_screen": "EngineeringBay.Thermal",
      "linked_field_paths": [
        "inputs.thermal.battery_loop",
        "inputs.thermal.cooling_package_size"
      ],
      "acceptance_criteria": [
        "Dedicated battery loop selected in engineering snapshot",
        "Detailed Description includes isolation structure narrative",
        "Dependent claim added referencing the enclosure and coolant loop"
      ],
      "status": "open",
      "resolution_note": null
    }
  ]
}