{
  "patent_draft_id": "f029c5b0-59fb-41af-bfb9-2b980c101728",
  "project_id": "0947da27-917f-4725-be6b-6c4cfcc89293",
  "variant_id": "91fb6d4f-5143-4bfa-a88d-5cde6739cf36",
  "snapshot_id": "23e89e1c-734a-456c-8a7b-e4fc40879319",
  "type": "utility",
  "status": "draft",
  "created_at": "2026-12-25T15:00:00Z",
  "sections": [
    {
      "anchor_id": "sec.title",
      "title": "Title",
      "content": "Hybrid Powertrain Architecture for a Performance Vehicle",
      "locked_until_accept": false
    },
    {
      "anchor_id": "sec.background",
      "title": "Background",
      "content": "Conventional vehicles suffer from limitations in power delivery and efficiency...",
      "locked_until_accept": false
    },
    {
      "anchor_id": "sec.summary",
      "title": "Summary",
      "content": "The present invention provides a hybrid powertrain system comprising...",
      "locked_until_accept": false
    },
    {
      "anchor_id": "sec.detailed_description",
      "title": "Detailed Description",
      "content": "In one embodiment, the vehicle comprises...",
      "locked_until_accept": false
    },
    {
      "anchor_id": "sec.claims",
      "title": "Claims",
      "content": "1. A vehicle comprising: a chassis; an internal combustion engine; a plurality of in-wheel motors...",
      "locked_until_accept": true
    }
  ],
  "terminology_report": {
    "warnings": [
      {
        "term": "sleek",
        "issue": "marketing_term"
      }
    ],
    "errors": []
  },
  "readiness": {
    "score": 76,
    "missing_items": [
      "operating_modes_detail"
    ]
  }
}