{
  "snapshot_id": "23e89e1c-734a-456c-8a7b-e4fc40879319",
  "project_id": "0947da27-917f-4725-be6b-6c4cfcc89293",
  "variant_id": "91fb6d4f-5143-4bfa-a88d-5cde6739cf36",
  "created_at": "2026-12-25T14:10:00Z",
  "created_by": {
    "actor_type": "user",
    "actor_id": "9626ece0-5592-4672-a321-f3881186df0c",
    "persona": "De'Vonte Dinero \u2014 The King of Speed"
  },
  "lock_state": "frozen",
  "inputs": {
    "classification": {
      "vehicle_class_term_id": "term_uuid",
      "body_style_term_id": "term_uuid",
      "seating": "2+2",
      "intent": "mixed"
    },
    "architecture": {
      "layout": "MR",
      "platform": "monocoque",
      "materials_primary": "carbon"
    },
    "dimensions": {
      "wheelbase_mm": 2850,
      "track_f_mm": 1620,
      "track_r_mm": 1640,
      "ride_height_mm": 135,
      "overhang_f_mm": 880,
      "overhang_r_mm": 900,
      "wheel_diameter_in": 21,
      "tire_class": "performance"
    },
    "powertrain": {
      "type": "HEV",
      "engine": {
        "configuration": "V12",
        "displacement_l": 12.0,
        "induction": "NA"
      },
      "electric": {
        "motor_count": 4,
        "motor_location": "in_wheel",
        "power_per_motor_kw": 149
      },
      "battery": {
        "capacity_kwh": 60,
        "nominal_voltage_v": 400,
        "chemistry": "NMC",
        "pack_zones": [
          "floor"
        ]
      },
      "driveline": {
        "driven_wheels": "AWD",
        "transmission": "other"
      }
    },
    "thermal": {
      "cooling_layout": "mixed",
      "cooling_package_size": "S",
      "active_shutters": true,
      "battery_loop": "shared",
      "notes": ""
    },
    "dynamics": {
      "susp_front": "double_wishbone",
      "susp_rear": "multilink",
      "rear_steer": true,
      "torque_vectoring": "electric"
    },
    "aero": {
      "active_aero": false,
      "cd": 0.25,
      "cl_downforce": -0.9,
      "frontal_area_m2": 2.3,
      "balance_strategy": "mixed",
      "failsafe_defined": false
    },
    "manufacturing": {
      "volume": "low",
      "process": "handbuilt",
      "supplier_strategy": "mixed"
    }
  },
  "computed": {
    "total_power_kw": 650,
    "total_torque_nm": 1300,
    "curb_weight_kg_est": 1680,
    "weight_distribution_target": "44/56",
    "range_km_est": 420,
    "top_speed_kph_est": 355
  },
  "validation": {
    "errors": [
      {
        "finding_id": "8da031a2-47d8-4df2-aab2-5cbff2a1003f",
        "rule_id": "EV-202",
        "severity": "FAIL",
        "screen": "EngineeringBay.Thermal",
        "field_path": "inputs.thermal.cooling_package_size",
        "code": "EV-202-F1",
        "message": "Cooling package is undersized for the selected power/battery combination. Add dedicated battery loop and increase cooling capacity.",
        "suggested_fix_action_ids": [
          "fix.ev202.coolingL",
          "fix.ev202.dedicatedLoop"
        ],
        "created_at": "2026-12-25T14:12:00Z"
      },
      {
        "finding_id": "ad66dea7-7758-4eda-8113-d7bb89bd6b48",
        "rule_id": "AERO-305",
        "severity": "FAIL",
        "screen": "EngineeringBay.Aero",
        "field_path": "inputs.aero.failsafe_defined",
        "code": "AERO-305-F1",
        "message": "Active aero requires a defined fail-safe/default state for safety and compliance. Define failsafe behavior.",
        "suggested_fix_action_ids": [
          "fix.aero305.setFailsafe"
        ],
        "created_at": "2026-12-25T14:12:00Z"
      }
    ],
    "warnings": [
      {
        "finding_id": "a71adfa6-a756-41ee-8e1d-22d11df2cf47",
        "rule_id": "EV-201",
        "severity": "WARN",
        "screen": "EngineeringBay.Powertrain",
        "field_path": "inputs.powertrain.battery.nominal_voltage_v",
        "code": "EV-201-W1",
        "message": "High power with low voltage increases current and thermal stress. Consider 800V architecture or split e-drives.",
        "suggested_fix_action_ids": [
          "fix.ev201.set800v"
        ],
        "created_at": "2026-12-25T14:12:00Z"
      },
      {
        "finding_id": "37cd01ef-5dc5-48d0-84bf-ec9657c37778",
        "rule_id": "EV-205",
        "severity": "WARN",
        "screen": "EngineeringBay.Powertrain",
        "field_path": "inputs.powertrain.electric.motor_location",
        "code": "EV-205-W1",
        "message": "In-wheel motors increase unsprung mass and can degrade handling. Consider axle-mounted motors or mitigate with suspension/tire strategy.",
        "suggested_fix_action_ids": [
          "fix.ev205.axleMotors"
        ],
        "created_at": "2026-12-25T14:12:00Z"
      },
      {
        "finding_id": "b9b33cb5-7c09-4349-a687-8a1062a35c83",
        "rule_id": "AERO-302",
        "severity": "WARN",
        "screen": "EngineeringBay.Thermal",
        "field_path": "inputs.thermal.cooling_package_size",
        "code": "AERO-302-W1",
        "message": "Aggressive low-drag target conflicts with small cooling package at high power. Consider active shutters and defined extraction.",
        "suggested_fix_action_ids": [
          "fix.aero302.shutters",
          "fix.aero302.coolingM"
        ],
        "created_at": "2026-12-25T14:12:00Z"
      }
    ],
    "notes": [],
    "engineering_readiness_score": 58
  }
}