{
  "snapshot_id": "23e89e1c-734a-456c-8a7b-e4fc40879319",
  "project_id": "0947da27-917f-4725-be6b-6c4cfcc89293",
  "variant_id": "91fb6d4f-5143-4bfa-a88d-5cde6739cf36",
  "created_at": "2026-12-25T14:10:00Z",
  "created_by": {
    "actor_type": "user",
    "actor_id": "9626ece0-5592-4672-a321-f3881186df0c",
    "persona": "De'Vonte Dinero \u2014 The King of Speed"
  },
  "lock_state": "draft",
  "inputs": {
    "classification": {
      "vehicle_class_term_id": "term_uuid",
      "body_style_term_id": "term_uuid",
      "seating": "2+2",
      "intent": "mixed"
    },
    "architecture": {
      "layout": "MR",
      "platform": "monocoque",
      "materials_primary": "carbon"
    },
    "dimensions": {
      "wheelbase_mm": 2850,
      "track_f_mm": 1620,
      "track_r_mm": 1640,
      "ride_height_mm": 135,
      "overhang_f_mm": 880,
      "overhang_r_mm": 900,
      "wheel_diameter_in": 21,
      "tire_class": "performance"
    },
    "powertrain": {
      "type": "HEV",
      "engine": {
        "configuration": "V12",
        "displacement_l": 12.0,
        "induction": "NA"
      },
      "electric": {
        "motor_count": 4,
        "motor_location": "in_wheel",
        "power_per_motor_kw": 149
      },
      "battery": {
        "capacity_kwh": 60,
        "nominal_voltage_v": 400,
        "chemistry": "NMC",
        "pack_zones": [
          "floor"
        ]
      },
      "driveline": {
        "driven_wheels": "AWD",
        "transmission": "other"
      }
    },
    "thermal": {
      "cooling_layout": "mixed",
      "cooling_package_size": "S",
      "active_shutters": true,
      "battery_loop": "shared",
      "notes": ""
    },
    "dynamics": {
      "susp_front": "double_wishbone",
      "susp_rear": "multilink",
      "rear_steer": true,
      "torque_vectoring": "electric"
    },
    "aero": {
      "active_aero": false,
      "cd": 0.25,
      "cl_downforce": -0.9,
      "frontal_area_m2": 2.3,
      "balance_strategy": "mixed",
      "failsafe_defined": false
    },
    "manufacturing": {
      "volume": "low",
      "process": "handbuilt",
      "supplier_strategy": "mixed"
    }
  },
  "computed": {
    "total_power_kw": 650,
    "total_torque_nm": 1300,
    "curb_weight_kg_est": 1680,
    "weight_distribution_target": "44/56",
    "range_km_est": 420,
    "top_speed_kph_est": 355
  },
  "validation": {
    "errors": [],
    "warnings": [],
    "notes": [],
    "engineering_readiness_score": 72
  }
}